Product_Name,Product_Price,Product_Rating
SAMSUNG 80 cm (32 Inch) HD Ready LED Smart Tizen TV with 2022 Model,"₹13,490",4.3
SAMSUNG Crystal 4K Neo Series 108 cm (43 inch) Ultra HD (4K) LED Smart Tizen TV with (Black) (2022 Mod...,"₹31,990",4.4
SAMSUNG 80 cm (32 inch) HD Ready LED Smart Tizen TV,"₹13,490",4.3
SAMSUNG Crystal 4K 108 cm (43 inch) Ultra HD (4K) LED Smart Tizen TV,"₹30,990",4.3
SAMSUNG Crystal 4K Neo Series 138 cm (55 inch) Ultra HD (4K) LED Smart Tizen TV with (Black) (2022 Mod...,"₹47,990",4.4
SAMSUNG Crystal 4K Pro 108 cm (43 inch) Ultra HD (4K) LED Smart Tizen TV with Voice Search,"₹31,990",4.4
SAMSUNG 108 cm (43 inch) Full HD LED Smart Tizen TV,"₹27,990",4.4
SAMSUNG 80 cm (32 inch) HD Ready LED Smart Tizen TV with Voice Search,"₹15,990",4.3
SAMSUNG 80 cm (32 inch) HD Ready LED Smart Tizen TV with Voice Search,"₹16,990",3.9
SAMSUNG BU8000B 109.22 cm (43 inch) Ultra HD (4K) LED Smart Tizen TV,"₹41,850",4.7
SAMSUNG Crystal 4K 125 cm (50 inch) Ultra HD (4K) LED Smart Tizen TV,"₹43,990",4.3
SAMSUNG 7 163 cm (65 inch) Ultra HD (4K) LED Smart Tizen TV,"₹82,890",4.4
SAMSUNG 138 cm (55 inch) Ultra HD (4K) LED Smart Tizen TV,"₹61,000",4.2
SAMSUNG The Serif Series 123 cm (49 inch) QLED Ultra HD (4K) Smart Tizen TV,"₹74,990",4.4
SAMSUNG The Frame 2021 Series 125 cm (50 inch) QLED Ultra HD (4K) Smart Tizen TV,"₹65,990",3.9
SAMSUNG 80 cm (32 inch) HD Ready LED Smart Tizen TV,"₹19,900",4
SAMSUNG 138 cm (55 inch) Ultra HD (4K) LED Smart Tizen TV,"₹2,41,900",4.2
SAMSUNG 80 cm (32 inch) HD Ready LED Linux based TV,"₹12,790",4.4
SAMSUNG 109 cm (43 inch) Full HD LED Smart Tizen TV,"₹29,400",4.3
SAMSUNG The Frame 2021 Series 163 cm (65 inch) QLED Ultra HD (4K) Smart Tizen TV,"₹1,19,990",4.2
SAMSUNG 125 cm (50 inch) Ultra HD (4K) LED Smart TV,"₹53,200",4.3
SAMSUNG The Serif Series 138 cm (55 inch) QLED Ultra HD (4K) Smart Tizen TV,"₹89,990",5
SAMSUNG 80 cm (32 inch) HD Ready LED TV,"₹13,990",5
SAMSUNG The Frame 2021 Series 108 cm (43 inch) QLED Ultra HD (4K) Smart Tizen TV,"₹51,990",4.7
SAMSUNG 125 cm (50 inch) Ultra HD (4K) LED Smart TV,"₹53,200",4.4
SAMSUNG The Serif Series 138 cm (55 inch) QLED Ultra HD (4K) Smart Tizen TV,"₹89,990",4.3
SAMSUNG 80 cm (32 inch) HD Ready LED TV,"₹13,990",4.2
SAMSUNG 7 138 cm (55 inch) Ultra HD (4K) LED Smart Tizen TV,"₹50,990",4.2
SAMSUNG The Frame 125 cm (50 inch) QLED Ultra HD (4K) Smart Tizen TV,"₹73,990",4.2
SAMSUNG The Frame 2021 Series 108 cm (43 inch) QLED Ultra HD (4K) Smart Tizen TV,"₹51,990",5
SAMSUNG Series 8 163 cm (65 inch) Ultra HD (4K) LED Smart Tizen TV,"₹1,67,199",4.2
SAMSUNG The Frame 108 cm (43 inch) QLED Ultra HD (4K) Smart Tizen TV,"₹61,990",4.4
SAMSUNG 80 cm (32 Inch) HD Ready LED Smart Tizen TV,"₹20,999",4.5
SAMSUNG Q60BAKL 108 cm (43 inch) QLED Ultra HD (4K) Smart Tizen TV,"₹52,000",5
SAMSUNG 80 cm (32 inch) HD Ready LED Smart Tizen TV,"₹16,499",4.2
SAMSUNG 7 125 cm (50 inch) Ultra HD (4K) LED Smart Tizen TV,"₹59,999",4.4
SAMSUNG 108 cm (43 inch) Full HD LED Smart Tizen TV,"₹34,990",3
SAMSUNG Crystal 4K Pro 163 cm (65 inch) Ultra HD (4K) LED Smart Tizen TV with Voice Search,"₹83,990",4.3
SAMSUNG Series 7 123 cm (49 inch) Ultra HD (4K) LED Smart Tizen TV,"₹64,499",5
SAMSUNG 108 cm (43 inch) Full HD LED Smart Tizen TV,"₹32,849",4.7
SAMSUNG 163 cm (65 inch) QLED Ultra HD (4K) Smart Tizen TV,"₹1,98,889",4.3
SAMSUNG The Frame 138 cm (55 inch) QLED Ultra HD (4K) Smart Tizen TV,"₹91,990",5
SAMSUNG Q60BAKL 138 cm (55 inch) QLED Ultra HD (4K) Smart Tizen TV,"₹74,990",5
SAMSUNG Crystal 4K Pro 138 cm (55 inch) Ultra HD (4K) LED Smart Tizen TV with Voice Search,"₹47,990",4.5
SAMSUNG 7 138 cm (55 inch) Ultra HD (4K) LED Smart Tizen TV,"₹56,800",5
SAMSUNG Crystal 4K 163 cm (65 inch) Ultra HD (4K) LED Smart Tizen TV,"₹81,990",1
SAMSUNG Q70RAK 163 cm (65 inch) QLED Ultra HD (4K) Smart Tizen TV,"₹2,24,999",4.2
SAMSUNG Series 7 163 cm (65 inch) Ultra HD (4K) LED Smart Tizen TV,"₹1,22,299",5
SAMSUNG 125 cm (50 inch) Ultra HD (4K) LED Smart TV,"₹53,200",4.3
SAMSUNG 80 cm (32 inch) HD Ready LED TV,"₹13,990",4.4
SAMSUNG 7 138 cm (55 inch) Ultra HD (4K) LED Smart Tizen TV,"₹50,990",4.2
SAMSUNG The Serif Series 138 cm (55 inch) QLED Ultra HD (4K) Smart Tizen TV,"₹89,990",4.2
SAMSUNG The Frame 2021 Series 108 cm (43 inch) QLED Ultra HD (4K) Smart Tizen TV,"₹51,990",5
SAMSUNG Series 8 163 cm (65 inch) Ultra HD (4K) LED Smart Tizen TV,"₹1,67,199",4.2
SAMSUNG The Frame 108 cm (43 inch) QLED Ultra HD (4K) Smart Tizen TV,"₹61,990",4.4
SAMSUNG 80 cm (32 Inch) HD Ready LED Smart Tizen TV,"₹20,999",4.2
SAMSUNG Q60BAKL 108 cm (43 inch) QLED Ultra HD (4K) Smart Tizen TV,"₹52,000",4.5
SAMSUNG 7 125 cm (50 inch) Ultra HD (4K) LED Smart Tizen TV,"₹46,400",5
SAMSUNG 80 cm (32 inch) HD Ready LED Smart Tizen TV,"₹16,499",4.4
SAMSUNG 108 cm (43 inch) Full HD LED Smart Tizen TV,"₹34,990",4.2
SAMSUNG Crystal 4K Pro 163 cm (65 inch) Ultra HD (4K) LED Smart Tizen TV with Voice Search,"₹83,990",3
SAMSUNG The Frame 125 cm (50 inch) QLED Ultra HD (4K) Smart Tizen TV,"₹71,030",4.3
SAMSUNG 163 cm (65 inch) QLED Ultra HD (4K) Smart Tizen TV,"₹1,98,889",5
SAMSUNG Series 7 123 cm (49 inch) Ultra HD (4K) LED Smart Tizen TV,"₹64,499",4.3
SAMSUNG 108 cm (43 inch) Full HD LED Smart Tizen TV,"₹32,849",5
SAMSUNG Crystal 4K Pro 138 cm (55 inch) Ultra HD (4K) LED Smart Tizen TV with Voice Search,"₹47,990",5
SAMSUNG The Frame 138 cm (55 inch) QLED Ultra HD (4K) Smart Tizen TV,"₹87,936",4.5
SAMSUNG 7 138 cm (55 inch) Ultra HD (4K) LED Smart Tizen TV,"₹56,800",5
SAMSUNG Q60BAKL 138 cm (55 inch) QLED Ultra HD (4K) Smart Tizen TV,"₹74,990",1
SAMSUNG Crystal 4K 163 cm (65 inch) Ultra HD (4K) LED Smart Tizen TV,"₹81,990",4.2
SAMSUNG Q70RAK 163 cm (65 inch) QLED Ultra HD (4K) Smart Tizen TV,"₹2,24,999",5
SAMSUNG Series 8 189 cm (75 inch) Ultra HD (4K) LED Smart Tizen TV,"₹5,99,900",5
SAMSUNG 108 cm (43 inch) Full HD LED TV,"₹48,900",4.2
SAMSUNG 165 cm (65 inch) QLED Ultra HD (4K) Smart Tizen TV,"₹1,29,990",5
SAMSUNG Q Series 163 cm (65 inch) QLED Ultra HD (4K) Smart Tizen TV,"₹1,79,999",4.5
SAMSUNG The Frame 2020 Series 163 cm (65 inch) QLED Ultra HD (4K) Smart Tizen TV,"₹1,22,290",3.4
SAMSUNG 80 cm (32 inch) HD Ready LED Smart Tizen TV,"₹18,490",4
SAMSUNG BU8570UL 138 cm (55 inch) Ultra HD (4K) LED Smart Tizen TV,"₹65,200",2.3
SAMSUNG 108 cm (43 inch) Ultra HD (4K) LED Smart Tizen TV,"₹35,490",4
SAMSUNG Series 6 123 cm (49 inch) Ultra HD (4K) LED Smart Tizen TV,"₹1,29,900",4.5
SAMSUNG BU8570UL 163 cm (65 inch) Ultra HD (4K) LED Smart Tizen TV,"₹1,04,860",4.4
SAMSUNG 108 cm (43 inch) Ultra HD (4K) LED Smart Tizen TV,"₹48,990",4.3
SAMSUNG Q Series 163 cm (65 inch) QLED Ultra HD (4K) Smart Tizen TV,"₹3,41,900",4
SAMSUNG Series 5 138 cm (55 inch) Full HD LED Smart Tizen TV,"₹1,18,900",4.6
SAMSUNG 108 cm (43 inch) Full HD LED Smart Tizen TV,"₹45,899",4
SAMSUNG The Frame 2020 Series 125 cm (50 inch) QLED Ultra HD (4K) Smart Tizen TV,"₹66,999",3.4
SAMSUNG Q Series 138 cm (55 inch) QLED Ultra HD (4K) Smart Tizen TV,"₹1,59,500",2
SAMSUNG 163 cm (65 inch) Ultra HD (4K) LED Smart Tizen TV,"₹2,95,900",5
SAMSUNG 7 125 cm (50 inch) Ultra HD (4K) LED Smart Tizen TV,"₹49,290",4.3
SAMSUNG Q Series 138 cm (55 inch) QLED Ultra HD (4K) Smart Tizen TV,"₹3,14,900",4
SAMSUNG Series 4 80 cm (32 inch) HD Ready LED TV,"₹19,599",5
SAMSUNG 138 cm (55 inch) QLED Ultra HD (4K) Smart Tizen TV,"₹84,990",4
SAMSUNG 125 cm (50 inch) QLED Ultra HD (4K) Smart Tizen TV,"₹62,990",1
SAMSUNG Series 6 138 cm (55 inch) Ultra HD (4K) LED Smart Tizen TV,"₹1,49,900",5
SAMSUNG Q70RAK 138 cm (55 inch) QLED Ultra HD (4K) Smart Tizen TV,"₹1,28,999",4
SAMSUNG 4 80 cm (32 inch) HD Ready LED Smart Tizen TV,"₹17,990",5
SAMSUNG LS05BAKL 108 cm (43 inch) QLED Ultra HD (4K) Smart Tizen TV,"₹1,19,900",3.9
SAMSUNG Q70BAKL 138 cm (55 inch) QLED Ultra HD (4K) Smart Tizen TV,"₹1,38,900",3.9
Yuwa 30w In-built Soundbar 80 cm (32 inch) HD Ready LED Smart Android TV with Voice Assistant | 5000+ ...,"₹8,399",3.9
Adsun 80 cm (32 inch) HD Ready LED Smart Android Based TV,"₹8,264",4.6
SAMSUNG QN90BAK 189 cm (75 inch) QLED Ultra HD (4K) Smart Tizen TV,"₹4,25,990",4.8
SAMSUNG LS01BAKL 108 cm (43 inch) QLED Ultra HD (4K) Smart Tizen TV,"₹99,900",4.1
SAMSUNG LS01BAKL 125 cm (50 inch) QLED Ultra HD (4K) Smart Tizen TV,"₹1,19,900",4.3
SAMSUNG LS01BAKL 138 cm (55 inch) QLED Ultra HD (4K) Smart Tizen TV,"₹1,32,900",4.2
Adsun 80 cm (32 inch) HD Ready LED TV,"₹7,599",4.2
Adsun Frameless 60 cm (24 inch) HD Ready LED TV,"₹6,699",3.9
SAMSUNG Q60RAK 123 cm (49 inch) QLED Ultra HD (4K) Smart Tizen TV,"₹93,999",4.2
SAMSUNG 147 cm (58 inch) Ultra HD (4K) LED Smart Tizen TV,"₹94,900",4.2
Adsun Frameless 80 cm (32 inch) HD Ready LED TV,"₹8,099",5
T-Series 80 cm (32 inch) HD Ready LED Smart Android TV,"₹10,990",5
SAMSUNG 108 cm (43 inch) Ultra HD (4K) LED Smart Tizen TV,"₹48,900",4.6
SAMSUNG Series 4 59 cm (24 inch) HD Ready LED TV,"₹14,490",5
SAMSUNG Series 5 123 cm (49 inch) Full HD LED TV,"₹39,990",5
SAMSUNG Uninstallation,₹330,4.8
Gangnam Street 98 cm (38.5 inch) HD Ready LED Smart Android TV,"₹15,599",4
InnoQ Super Bright 62 cm (24 inch) HD Ready LED TV with With Pixel Boost Engine & Thunder Audio Speake...,"₹5,490",4
SAMSUNG Installation and Demo,"₹1,000",3.9
SAMSUNG LS05BAKL 108 cm (43 inch) QLED Ultra HD (4K) Smart Tizen TV,"₹1,19,900",3.9
SAMSUNG Q70BAKL 138 cm (55 inch) QLED Ultra HD (4K) Smart Tizen TV,"₹1,38,900",3.9
Yuwa 30w In-built Soundbar 80 cm (32 inch) HD Ready LED Smart Android TV with Voice Assistant | 5000+ ...,"₹8,399",3.9
Adsun 80 cm (32 inch) HD Ready LED Smart Android Based TV,"₹8,264",4.6
SAMSUNG QN90BAK 189 cm (75 inch) QLED Ultra HD (4K) Smart Tizen TV,"₹4,25,990",4.8
SAMSUNG LS01BAKL 108 cm (43 inch) QLED Ultra HD (4K) Smart Tizen TV,"₹99,900",4.1
SAMSUNG LS01BAKL 125 cm (50 inch) QLED Ultra HD (4K) Smart Tizen TV,"₹1,19,900",4.3
SAMSUNG LS01BAKL 138 cm (55 inch) QLED Ultra HD (4K) Smart Tizen TV,"₹1,32,900",4.2
Adsun 80 cm (32 inch) HD Ready LED TV,"₹7,599",4.2
Adsun Frameless 60 cm (24 inch) HD Ready LED TV,"₹6,699",3.9
SAMSUNG Q60RAK 123 cm (49 inch) QLED Ultra HD (4K) Smart Tizen TV,"₹93,999",4.2
SAMSUNG 147 cm (58 inch) Ultra HD (4K) LED Smart Tizen TV,"₹94,900",4.2
Adsun Frameless 80 cm (32 inch) HD Ready LED TV,"₹8,099",5
T-Series 80 cm (32 inch) HD Ready LED Smart Android TV,"₹10,990",5
SAMSUNG 108 cm (43 inch) Ultra HD (4K) LED Smart Tizen TV,"₹48,900",4.6
SAMSUNG Series 4 59 cm (24 inch) HD Ready LED TV,"₹14,490",5
SAMSUNG Series 5 123 cm (49 inch) Full HD LED TV,"₹39,990",5
SAMSUNG Uninstallation,₹330,4.8
Gangnam Street 98 cm (38.5 inch) HD Ready LED Smart Android TV,"₹15,599",4
InnoQ Super Bright 62 cm (24 inch) HD Ready LED TV with With Pixel Boost Engine & Thunder Audio Speake...,"₹5,490",4
SAMSUNG Installation and Demo,"₹1,000",3.9
SAMSUNG LS05BAKL 108 cm (43 inch) QLED Ultra HD (4K) Smart Tizen TV,"₹1,19,900",3.9
SAMSUNG Q70BAKL 138 cm (55 inch) QLED Ultra HD (4K) Smart Tizen TV,"₹1,38,900",3.9
Yuwa 30w In-built Soundbar 80 cm (32 inch) HD Ready LED Smart Android TV with Voice Assistant | 5000+ ...,"₹8,399",3.9
Adsun 80 cm (32 inch) HD Ready LED Smart Android Based TV,"₹8,264",4.6
SAMSUNG QN90BAK 189 cm (75 inch) QLED Ultra HD (4K) Smart Tizen TV,"₹4,25,990",4.8
SAMSUNG LS01BAKL 108 cm (43 inch) QLED Ultra HD (4K) Smart Tizen TV,"₹99,900",4.1
SAMSUNG LS01BAKL 125 cm (50 inch) QLED Ultra HD (4K) Smart Tizen TV,"₹1,19,900",4.3
SAMSUNG LS01BAKL 138 cm (55 inch) QLED Ultra HD (4K) Smart Tizen TV,"₹1,32,900",4.2
Adsun 80 cm (32 inch) HD Ready LED TV,"₹7,599",4.2
Adsun Frameless 60 cm (24 inch) HD Ready LED TV,"₹6,699",3.9
SAMSUNG Q60RAK 123 cm (49 inch) QLED Ultra HD (4K) Smart Tizen TV,"₹93,999",4.2
SAMSUNG 147 cm (58 inch) Ultra HD (4K) LED Smart Tizen TV,"₹94,900",4.2
Adsun Frameless 80 cm (32 inch) HD Ready LED TV,"₹8,099",5
T-Series 80 cm (32 inch) HD Ready LED Smart Android TV,"₹10,990",5
SAMSUNG 108 cm (43 inch) Ultra HD (4K) LED Smart Tizen TV,"₹48,900",4.6
SAMSUNG Series 4 59 cm (24 inch) HD Ready LED TV,"₹14,490",5
SAMSUNG Series 5 123 cm (49 inch) Full HD LED TV,"₹39,990",5
SAMSUNG Uninstallation,₹330,4.8
Gangnam Street 98 cm (38.5 inch) HD Ready LED Smart Android TV,"₹15,599",4
InnoQ Super Bright 62 cm (24 inch) HD Ready LED TV with With Pixel Boost Engine & Thunder Audio Speake...,"₹5,490",4
SAMSUNG Installation and Demo,"₹1,000",3.9
SAMSUNG LS05BAKL 108 cm (43 inch) QLED Ultra HD (4K) Smart Tizen TV,"₹1,19,900",3.9
SAMSUNG Q70BAKL 138 cm (55 inch) QLED Ultra HD (4K) Smart Tizen TV,"₹1,38,900",3.9
Yuwa 30w In-built Soundbar 80 cm (32 inch) HD Ready LED Smart Android TV with Voice Assistant | 5000+ ...,"₹8,399",3.9
Adsun 80 cm (32 inch) HD Ready LED Smart Android Based TV,"₹8,264",4.6
SAMSUNG QN90BAK 189 cm (75 inch) QLED Ultra HD (4K) Smart Tizen TV,"₹4,25,990",4.8
SAMSUNG LS01BAKL 108 cm (43 inch) QLED Ultra HD (4K) Smart Tizen TV,"₹99,900",4.1
SAMSUNG LS01BAKL 125 cm (50 inch) QLED Ultra HD (4K) Smart Tizen TV,"₹1,19,900",4.3
SAMSUNG LS01BAKL 138 cm (55 inch) QLED Ultra HD (4K) Smart Tizen TV,"₹1,32,900",4.2
Adsun 80 cm (32 inch) HD Ready LED TV,"₹7,599",4.2
Adsun Frameless 60 cm (24 inch) HD Ready LED TV,"₹6,699",3.9
SAMSUNG Q60RAK 123 cm (49 inch) QLED Ultra HD (4K) Smart Tizen TV,"₹93,999",4.2
SAMSUNG 147 cm (58 inch) Ultra HD (4K) LED Smart Tizen TV,"₹94,900",4.2
Adsun Frameless 80 cm (32 inch) HD Ready LED TV,"₹8,099",5
T-Series 80 cm (32 inch) HD Ready LED Smart Android TV,"₹10,990",5
SAMSUNG 108 cm (43 inch) Ultra HD (4K) LED Smart Tizen TV,"₹48,900",4.6
SAMSUNG Series 4 59 cm (24 inch) HD Ready LED TV,"₹14,490",5
SAMSUNG Series 5 123 cm (49 inch) Full HD LED TV,"₹39,990",5
SAMSUNG Uninstallation,₹330,4.8
Gangnam Street 98 cm (38.5 inch) HD Ready LED Smart Android TV,"₹15,599",4
InnoQ Super Bright 62 cm (24 inch) HD Ready LED TV with With Pixel Boost Engine & Thunder Audio Speake...,"₹5,490",4
SAMSUNG Installation and Demo,"₹1,000",3.9
